pipe,od
lrg,0.0889
med,0.02667
sml,0.021336
med1,0.0381